run_id,gov_id,category,level,launch_growth,solar,behavior,solar_model,target_pm,effective_pm,deltat,alpha,slotting,gov_launch_scale,eff_launch_scale,total_debris_final,peak_debris_count,total_collisions,total_sats_final,collision_risk_per_sat,debris_growth_rate,sustainable,capacity_ok,run_seconds,status
cnc_low_g1.0_exp_responsive,cnc_low,C&C,Low,1.0,low,responsive,static_exp_dens_func,0.6,0.6,25,1e-05,1.0,1.0,1.0,47391.51583088255,47391.51583088255,38818.51583088255,56604.371519175904,0.6857865353691273,261.19593344420775,False,False,128.8167371749878,ok
cnc_low_g1.0_exp_sluggish,cnc_low,C&C,Low,1.0,low,sluggish,static_exp_dens_func,0.6,0.6,25,1e-05,1.0,1.0,1.0,47401.97183989112,47401.97183989112,38828.97183989112,56562.149743630674,0.6864833111167872,261.2249046161839,False,False,141.52776908874512,ok
cnc_low_g1.0_jb_responsive,cnc_low,C&C,Low,1.0,high,responsive,JB2008_dens_func,0.6,0.6,25,1e-05,1.0,1.0,1.0,2825.90725202324,19646.383178812386,0.0,56625.94247911239,0.0,-321.51133563564935,True,True,271.84434604644775,ok
cnc_low_g1.0_jb_sluggish,cnc_low,C&C,Low,1.0,high,sluggish,JB2008_dens_func,0.6,0.6,25,1e-05,1.0,1.0,1.0,2789.8462219537864,19634.873808308457,0.0,56625.971957141155,0.0,-307.12923233390046,True,True,312.62293314933777,ok
cnc_low_g2.0_exp_responsive,cnc_low,C&C,Low,2.0,low,responsive,static_exp_dens_func,0.6,0.6,25,1e-05,1.0,1.0,2.0,94405.10983398462,94405.10983398462,85832.10983398462,112925.8226371742,0.7600751345399491,708.942068860738,False,False,201.39829087257385,ok
cnc_low_g2.0_exp_sluggish,cnc_low,C&C,Low,2.0,low,sluggish,static_exp_dens_func,0.6,0.6,25,1e-05,1.0,1.0,2.0,94351.96985918087,94351.96985918087,85778.96985918087,112857.84369685591,0.7600621015725695,708.8115918097616,False,False,178.1234941482544,ok
cnc_low_g2.0_jb_responsive,cnc_low,C&C,Low,2.0,high,responsive,JB2008_dens_func,0.6,0.6,25,1e-05,1.0,1.0,2.0,4776.074449436028,32983.766914360975,0.0,112992.69918015163,0.0,-532.3589289518799,True,True,290.5759279727936,ok
cnc_low_g2.0_jb_sluggish,cnc_low,C&C,Low,2.0,high,sluggish,JB2008_dens_func,0.6,0.6,25,1e-05,1.0,1.0,2.0,4762.965483839389,32815.14221560219,0.0,112950.86345985266,0.0,-532.3430048586009,True,True,299.1246290206909,ok
cnc_low_g3.0_exp_responsive,cnc_low,C&C,Low,3.0,low,responsive,static_exp_dens_func,0.6,0.6,25,1e-05,1.0,1.0,3.0,149869.65820254828,149869.65820254828,141296.65820254828,169404.03560034905,0.834080827542323,1307.2548936248884,False,False,123.60574412345886,ok
cnc_low_g3.0_exp_sluggish,cnc_low,C&C,Low,3.0,low,sluggish,static_exp_dens_func,0.6,0.6,25,1e-05,1.0,1.0,3.0,148683.7098329964,148683.7098329964,140110.7098329964,169477.46933469202,0.8267217488142876,1285.810168869611,False,False,131.71262788772583,ok
cnc_low_g3.0_jb_responsive,cnc_low,C&C,Low,3.0,high,responsive,JB2008_dens_func,0.6,0.6,25,1e-05,1.0,1.0,3.0,6643.247204813054,45888.55955184232,0.0,169393.2090432228,0.0,-747.0914685743774,True,True,291.3046600818634,ok
cnc_low_g3.0_jb_sluggish,cnc_low,C&C,Low,3.0,high,sluggish,JB2008_dens_func,0.6,0.6,25,1e-05,1.0,1.0,3.0,6750.440023564724,45891.447515185966,0.0,169283.2958897385,0.0,-762.55298031422,True,True,256.6900808811188,ok
cnc_med_g1.0_exp_responsive,cnc_med,C&C,Medium,1.0,low,responsive,static_exp_dens_func,0.8,0.8,12,1e-05,1.0,1.0,1.0,27949.513973849982,28141.40493378827,19376.513973849982,3610.3851768062427,5.36688276318221,19.40730418058434,False,True,139.51656770706177,ok
cnc_med_g1.0_exp_sluggish,cnc_med,C&C,Medium,1.0,low,sluggish,static_exp_dens_func,0.8,0.72,12,1e-05,1.0,1.0,1.0,36628.267263452915,36693.08871510049,28055.267263452915,3613.741217395444,7.763496491780719,56.336936986646876,False,False,133.32598280906677,ok
cnc_med_g1.0_jb_responsive,cnc_med,C&C,Medium,1.0,high,responsive,JB2008_dens_func,0.8,0.8,12,1e-05,1.0,1.0,1.0,904.5756058249824,15030.821997931685,0.0,3632.2909454905166,0.0,-226.64328994163432,True,True,260.22055292129517,ok
cnc_med_g1.0_jb_sluggish,cnc_med,C&C,Medium,1.0,high,sluggish,JB2008_dens_func,0.8,0.72,12,1e-05,1.0,1.0,1.0,934.0210078677331,17968.409212116414,0.0,3635.048924744796,0.0,-274.57181755218437,True,True,260.53241181373596,ok
cnc_med_g2.0_exp_responsive,cnc_med,C&C,Medium,2.0,low,responsive,static_exp_dens_func,0.8,0.8,12,1e-05,1.0,1.0,2.0,50531.56858619938,50531.56858619938,41958.56858619938,7219.156906423619,5.812114784326763,128.13042670788764,False,False,132.40255999565125,ok
cnc_med_g2.0_exp_sluggish,cnc_med,C&C,Medium,2.0,low,sluggish,static_exp_dens_func,0.8,0.72,12,1e-05,1.0,1.0,2.0,70497.86599858207,70497.86599858207,61924.86599858207,7230.297590826923,8.564635856364493,245.47552597463434,False,False,128.87682795524597,ok
cnc_med_g2.0_jb_responsive,cnc_med,C&C,Medium,2.0,high,responsive,JB2008_dens_func,0.8,0.8,12,1e-05,1.0,1.0,2.0,1088.8628279198301,23415.750807998153,0.0,7260.242324492808,0.0,-366.5326759140206,True,True,260.62198281288147,ok
cnc_med_g2.0_jb_sluggish,cnc_med,C&C,Medium,2.0,high,sluggish,JB2008_dens_func,0.8,0.72,12,1e-05,1.0,1.0,2.0,1216.8840471190974,30104.759672205353,0.0,7251.219509827252,0.0,-490.70320045771035,True,True,264.5779709815979,ok
cnc_med_g3.0_exp_responsive,cnc_med,C&C,Medium,3.0,low,responsive,static_exp_dens_func,0.8,0.8,12,1e-05,1.0,1.0,3.0,76242.59347954039,76242.59347954039,67669.59347954039,10847.698815443477,6.238151946401907,289.2353355950242,False,False,124.70167708396912,ok
cnc_med_g3.0_exp_sluggish,cnc_med,C&C,Medium,3.0,low,sluggish,static_exp_dens_func,0.8,0.72,12,1e-05,1.0,1.0,3.0,109743.95359332212,109743.95359332212,101170.95359332212,10853.210875576515,9.321753235348243,520.0431885657974,False,False,123.97904181480408,ok
cnc_med_g3.0_jb_responsive,cnc_med,C&C,Medium,3.0,high,responsive,JB2008_dens_func,0.8,0.8,12,1e-05,1.0,1.0,3.0,1233.5322404025694,31492.99793413462,0.0,10896.503516328807,0.0,-483.5954388161931,True,True,272.52132987976074,ok
cnc_med_g3.0_jb_sluggish,cnc_med,C&C,Medium,3.0,high,sluggish,JB2008_dens_func,0.8,0.72,12,1e-05,1.0,1.0,3.0,1419.1549762067884,41961.95993251659,0.0,10882.232869917136,0.0,-638.3764154753394,True,True,262.1696231365204,ok
cnc_high_g1.0_exp_responsive,cnc_high,C&C,High,1.0,low,responsive,static_exp_dens_func,0.95,0.95,5,1e-05,1.0,1.0,1.0,12716.666478899951,15181.472763918984,4143.6664788999515,4.636386846651096,893.7275115196566,-46.7899151675549,True,True,134.05503273010254,ok
cnc_high_g1.0_exp_sluggish,cnc_high,C&C,High,1.0,low,sluggish,static_exp_dens_func,0.95,0.8099999999999999,5,1e-05,1.0,1.0,1.0,26948.70219827196,28861.145438550364,18375.70219827196,4.638034681205661,3961.958773774236,-40.08289192299981,True,True,137.37142395973206,ok
cnc_high_g1.0_jb_responsive,cnc_high,C&C,High,1.0,high,responsive,JB2008_dens_func,0.95,0.95,5,1e-05,1.0,1.0,1.0,760.8747246658723,9242.04022843964,0.0,4.718660037699107,0.0,-126.12562885806067,True,True,263.7493851184845,ok
cnc_high_g1.0_jb_sluggish,cnc_high,C&C,High,1.0,high,sluggish,JB2008_dens_func,0.95,0.8099999999999999,5,1e-05,1.0,1.0,1.0,773.9082662471386,15138.776362329212,0.0,4.725291224690473,0.0,-196.962088008291,True,True,260.181663274765,ok
cnc_high_g2.0_exp_responsive,cnc_high,C&C,High,2.0,low,responsive,static_exp_dens_func,0.95,0.95,5,1e-05,1.0,1.0,2.0,17598.82900226478,19906.46322573321,9025.829002264782,9.270424276770916,973.6155253304834,-46.82145634584894,True,True,135.40156602859497,ok
cnc_high_g2.0_exp_sluggish,cnc_high,C&C,High,2.0,low,sluggish,static_exp_dens_func,0.95,0.8099999999999999,5,1e-05,1.0,1.0,2.0,48984.13286666806,49096.339255060055,40411.13286666806,9.259676635284755,4364.205626001898,10.528343620769775,False,False,135.76461815834045,ok
cnc_high_g2.0_jb_responsive,cnc_high,C&C,High,2.0,high,responsive,JB2008_dens_func,0.95,0.95,5,1e-05,1.0,1.0,2.0,748.0598723462834,10808.520701599213,0.0,9.429737930984047,0.0,-146.64427534787285,True,True,264.44273591041565,ok
cnc_high_g2.0_jb_sluggish,cnc_high,C&C,High,2.0,high,sluggish,JB2008_dens_func,0.95,0.8099999999999999,5,1e-05,1.0,1.0,2.0,758.6833603518214,24313.419143127005,0.0,9.466941057371043,0.0,-296.4460439715992,True,True,266.3089039325714,ok
cnc_high_g3.0_exp_responsive,cnc_high,C&C,High,3.0,low,responsive,static_exp_dens_func,0.95,0.95,5,1e-05,1.0,1.0,3.0,22696.362491011052,24788.986083717955,14123.362491011052,13.920125218068884,1014.600247466047,-43.69165581429413,True,True,136.0294189453125,ok
cnc_high_g3.0_exp_sluggish,cnc_high,C&C,High,3.0,low,sluggish,static_exp_dens_func,0.95,0.8099999999999999,5,1e-05,1.0,1.0,3.0,73823.7467473963,73826.27506979872,65250.746747396304,13.903693450265084,4693.051309049988,98.19983992432195,False,False,125.60852074623108,ok
cnc_high_g3.0_jb_responsive,cnc_high,C&C,High,3.0,high,responsive,JB2008_dens_func,0.95,0.95,5,1e-05,1.0,1.0,3.0,765.5191678723343,13192.937618333477,0.0,14.232664006055142,0.0,-169.87497022310853,True,True,273.7528760433197,ok
cnc_high_g3.0_jb_sluggish,cnc_high,C&C,High,3.0,high,sluggish,JB2008_dens_func,0.95,0.8099999999999999,5,1e-05,1.0,1.0,3.0,787.6535761053237,33055.03926279507,0.0,14.220698831465556,0.0,-391.17063731773794,True,True,265.25711703300476,ok
mkt_low_g1.0_exp_responsive,mkt_low,Market,Low,1.0,low,responsive,static_exp_dens_func,0.7,0.7,8,1e-05,1.0,1.0,1.0,39245.93705238819,39433.350782517045,30672.937052388188,307.97476939302885,99.59561659170929,17.27430902575138,False,False,134.38319516181946,ok
mkt_low_g1.0_exp_sluggish,mkt_low,Market,Low,1.0,low,sluggish,static_exp_dens_func,0.7,0.6599999999999999,8,1e-05,1.0,1.0,1.0,43768.451577405074,43906.439651329914,35195.451577405074,306.9881243845335,114.64759963587137,30.67354407821183,False,False,133.39892029762268,ok
mkt_low_g1.0_jb_responsive,mkt_low,Market,Low,1.0,high,responsive,JB2008_dens_func,0.7,0.7,8,1e-05,1.0,1.0,1.0,776.4775677073616,20160.145663092593,0.0,311.437233754192,0.0,-273.07138420850964,True,True,257.211550951004,ok
mkt_low_g1.0_jb_sluggish,mkt_low,Market,Low,1.0,high,sluggish,JB2008_dens_func,0.7,0.6599999999999999,8,1e-05,1.0,1.0,1.0,787.4628594329647,22433.3804008611,0.0,310.88631695290917,0.0,-307.2292683640899,True,True,266.03217029571533,ok
mkt_low_g2.0_exp_responsive,mkt_low,Market,Low,2.0,low,responsive,static_exp_dens_func,0.7,0.7,8,1e-05,1.0,1.0,2.0,77201.66717620127,77201.66717620127,68628.66717620127,616.1022122601187,111.3916908761662,183.04345970897742,False,False,127.32862591743469,ok
mkt_low_g2.0_exp_sluggish,mkt_low,Market,Low,2.0,low,sluggish,static_exp_dens_func,0.7,0.6599999999999999,8,1e-05,1.0,1.0,2.0,88764.69019695789,88764.69019695789,80191.69019695789,614.3376103574766,130.53358421323935,250.25010052840386,False,False,122.74272012710571,ok
mkt_low_g2.0_jb_responsive,mkt_low,Market,Low,2.0,high,responsive,JB2008_dens_func,0.7,0.7,8,1e-05,1.0,1.0,2.0,862.9199423068874,33339.3106788518,0.0,624.1004154056682,0.0,-461.01101106297097,True,True,277.00159096717834,ok
mkt_low_g2.0_jb_sluggish,mkt_low,Market,Low,2.0,high,sluggish,JB2008_dens_func,0.7,0.6599999999999999,8,1e-05,1.0,1.0,2.0,867.2653227465017,37325.52012648186,0.0,623.7776747811216,0.0,-500.90410334873394,True,True,267.32779812812805,ok
mkt_low_g3.0_exp_responsive,mkt_low,Market,Low,3.0,low,responsive,static_exp_dens_func,0.7,0.7,8,1e-05,1.0,1.0,3.0,121713.37926323932,121713.37926323932,113140.37926323932,920.8105176523463,122.8704245817006,456.4773656401011,False,False,134.25535321235657,ok
mkt_low_g3.0_exp_sluggish,mkt_low,Market,Low,3.0,low,sluggish,static_exp_dens_func,0.7,0.6599999999999999,8,1e-05,1.0,1.0,3.0,141053.70551190656,141053.70551190656,132480.70551190656,920.3504109791681,143.94594051515583,582.9648177928775,False,False,131.4550700187683,ok
mkt_low_g3.0_jb_responsive,mkt_low,Market,Low,3.0,high,responsive,JB2008_dens_func,0.7,0.7,8,1e-05,1.0,1.0,3.0,865.0658637778972,47480.758782926845,0.0,933.9794209341933,0.0,-646.4052300564658,True,True,264.7491068840027,ok
mkt_low_g3.0_jb_sluggish,mkt_low,Market,Low,3.0,high,sluggish,JB2008_dens_func,0.7,0.6599999999999999,8,1e-05,1.0,1.0,3.0,904.548290962969,53573.145484015506,0.0,933.8710482054747,0.0,-734.3842980457771,True,True,264.15127086639404,ok
mkt_med_g1.0_exp_responsive,mkt_med,Market,Medium,1.0,low,responsive,static_exp_dens_func,0.85,0.85,8,1e-05,1.0,0.75,0.75,18905.6556162081,20445.321453048804,10332.6556162081,230.41593388044913,44.84349429397178,-33.79562449646742,True,True,148.62047791481018,ok
mkt_med_g1.0_exp_sluggish,mkt_med,Market,Medium,1.0,low,sluggish,static_exp_dens_func,0.85,0.75,8,1e-05,1.0,0.75,0.75,26742.80385707555,27718.315390057844,18169.80385707555,230.56468623320904,78.80566687778611,-18.205021301133286,True,True,145.01577305793762,ok
mkt_med_g1.0_jb_responsive,mkt_med,Market,Medium,1.0,high,responsive,JB2008_dens_func,0.85,0.85,8,1e-05,1.0,0.75,0.75,739.2749912508693,11335.198666163073,0.0,233.14362041711703,0.0,-161.9309365316668,True,True,274.7208580970764,ok
mkt_med_g1.0_jb_sluggish,mkt_med,Market,Medium,1.0,high,sluggish,JB2008_dens_func,0.85,0.75,8,1e-05,1.0,0.75,0.75,717.9072819347639,14686.09546463007,0.0,233.18981392113125,0.0,-209.87071738867357,True,True,264.3427007198334,ok
mkt_med_g2.0_exp_responsive,mkt_med,Market,Medium,2.0,low,responsive,static_exp_dens_func,0.85,0.85,8,1e-05,1.0,0.75,1.5,30796.528027952743,31469.82511535087,22223.528027952743,461.1977603381,48.18654802586394,-6.942823901812993,True,False,138.17964601516724,ok
mkt_med_g2.0_exp_sluggish,mkt_med,Market,Medium,2.0,low,sluggish,static_exp_dens_func,0.85,0.75,8,1e-05,1.0,0.75,1.5,48169.672473764156,48219.478228728876,39596.672473764156,461.7265660230014,85.75783891930448,51.79407412633119,False,False,137.2324447631836,ok
mkt_med_g2.0_jb_responsive,mkt_med,Market,Medium,2.0,high,responsive,JB2008_dens_func,0.85,0.85,8,1e-05,1.0,0.75,1.5,762.2285639000484,16537.77116812543,0.0,466.6772734844796,0.0,-235.34259001685353,True,True,281.62156796455383,ok
mkt_med_g2.0_jb_sluggish,mkt_med,Market,Medium,2.0,high,sluggish,JB2008_dens_func,0.85,0.75,8,1e-05,1.0,0.75,1.5,860.6918830574699,23533.53651383797,0.0,466.7118865908299,0.0,-323.2726921702042,True,True,260.935564994812,ok
mkt_med_g3.0_exp_responsive,mkt_med,Market,Medium,3.0,low,responsive,static_exp_dens_func,0.85,0.85,8,1e-05,1.0,0.75,2.25,43407.89457888227,43531.485287847056,34834.89457888227,693.2126654882545,50.251382170501465,31.028970307485896,False,False,135.98714303970337,ok
mkt_med_g3.0_exp_sluggish,mkt_med,Market,Medium,3.0,low,sluggish,static_exp_dens_func,0.85,0.75,8,1e-05,1.0,0.75,2.25,71924.45866501071,71924.45866501071,63351.45866501071,693.1422298582214,91.39748804220011,156.29118420319844,False,False,134.31216406822205,ok
mkt_med_g3.0_jb_responsive,mkt_med,Market,Medium,3.0,high,responsive,JB2008_dens_func,0.85,0.85,8,1e-05,1.0,0.75,2.25,750.9985410645417,21636.02549817486,0.0,700.7981212549277,0.0,-297.30509443542564,True,True,249.2030689716339,ok
mkt_med_g3.0_jb_sluggish,mkt_med,Market,Medium,3.0,high,sluggish,JB2008_dens_func,0.85,0.75,8,1e-05,1.0,0.75,2.25,815.5546851200992,32146.484378175053,0.0,699.4557717388005,0.0,-427.8777300849024,True,True,267.8619530200958,ok
mkt_high_g1.0_exp_responsive,mkt_high,Market,High,1.0,low,responsive,static_exp_dens_func,0.95,0.95,8,1e-05,1.0,0.5,0.5,10354.932492181459,12681.378430938263,1781.9324921814587,153.8539728881311,11.581972559636931,-42.954904013292754,True,True,140.2513988018036,ok
mkt_high_g1.0_exp_sluggish,mkt_high,Market,High,1.0,low,sluggish,static_exp_dens_func,0.95,0.8099999999999999,8,1e-05,1.0,0.5,0.5,17157.501853422236,18867.048122335007,8584.501853422236,153.67209461392648,55.86246400160846,-36.80610549372135,True,True,138.47729897499084,ok
mkt_high_g1.0_jb_responsive,mkt_high,Market,High,1.0,high,responsive,JB2008_dens_func,0.95,0.95,8,1e-05,1.0,0.5,0.5,743.3907318061476,8613.32912527406,0.0,155.56521722335148,0.0,-109.9179344803987,True,True,270.9507939815521,ok
mkt_high_g1.0_jb_sluggish,mkt_high,Market,High,1.0,high,sluggish,JB2008_dens_func,0.95,0.8099999999999999,8,1e-05,1.0,0.5,0.5,702.8350415459151,10613.152529295498,0.0,155.78651879192637,0.0,-153.06588330832895,True,True,277.1518259048462,ok
mkt_high_g2.0_exp_responsive,mkt_high,Market,High,2.0,low,responsive,static_exp_dens_func,0.95,0.95,8,1e-05,1.0,0.5,1.0,12733.679315595773,14842.558115592943,4160.679315595773,307.7675605137548,13.518901435389658,-41.03932009812329,True,True,140.48230028152466,ok
mkt_high_g2.0_exp_sluggish,mkt_high,Market,High,2.0,low,sluggish,static_exp_dens_func,0.95,0.8099999999999999,8,1e-05,1.0,0.5,1.0,26983.973894668048,27933.107957647844,18410.973894668048,307.22563283800815,59.92655536126981,-17.360197308654,True,True,132.44789290428162,ok
mkt_high_g2.0_jb_responsive,mkt_high,Market,High,2.0,high,responsive,JB2008_dens_func,0.95,0.95,8,1e-05,1.0,0.5,1.0,737.2628949099131,9089.862997808728,0.0,311.84271800779624,0.0,-124.89732001662237,True,True,282.4387981891632,ok
mkt_high_g2.0_jb_sluggish,mkt_high,Market,High,2.0,high,sluggish,JB2008_dens_func,0.95,0.8099999999999999,8,1e-05,1.0,0.5,1.0,778.9986840868748,14674.059722039852,0.0,310.6304547145749,0.0,-209.88284560149742,True,True,271.9940528869629,ok
mkt_high_g3.0_exp_responsive,mkt_high,Market,High,3.0,low,responsive,static_exp_dens_func,0.95,0.95,8,1e-05,1.0,0.5,1.5,15146.299167765541,17009.182688396737,6573.299167765541,460.67920915561604,14.268712451368954,-38.524826400862146,True,True,133.80007600784302,ok
mkt_high_g3.0_exp_sluggish,mkt_high,Market,High,3.0,low,sluggish,static_exp_dens_func,0.95,0.8099999999999999,8,1e-05,1.0,0.5,1.5,37506.93443903164,37746.68315529753,28933.93443903164,461.132440955649,62.745389110054965,12.560939900831317,False,False,131.19912314414978,ok
mkt_high_g3.0_jb_responsive,mkt_high,Market,High,3.0,high,responsive,JB2008_dens_func,0.95,0.95,8,1e-05,1.0,0.5,1.5,709.1622636312109,9676.372426466278,0.0,466.58572155360895,0.0,-141.27126732386057,True,True,295.895849943161,ok
mkt_high_g3.0_jb_sluggish,mkt_high,Market,High,3.0,high,sluggish,JB2008_dens_func,0.95,0.8099999999999999,8,1e-05,1.0,0.5,1.5,760.3830148046737,19179.223959765288,0.0,467.6196584352546,0.0,-287.01102131929923,True,True,272.8001220226288,ok
lib_low_g1.0_exp_responsive,lib_low,Liability,Low,1.0,low,responsive,static_exp_dens_func,0.65,0.65,8,1e-05,1.0,1.0,1.0,45084.09271828548,45180.53965827289,36511.09271828548,307.8475202605884,118.601224032532,37.48981772399403,False,False,132.72108006477356,ok
lib_low_g1.0_exp_sluggish,lib_low,Liability,Low,1.0,low,sluggish,static_exp_dens_func,0.65,0.63,8,1e-05,1.0,1.0,1.0,47493.93121193289,47567.64479290824,38920.93121193289,308.0637835485199,126.3404959960276,46.73926578285599,False,False,132.2967848777771,ok
lib_low_g1.0_jb_responsive,lib_low,Liability,Low,1.0,high,responsive,JB2008_dens_func,0.65,0.65,8,1e-05,1.0,1.0,1.0,800.6487457761373,22664.56616497554,0.0,311.6033415082004,0.0,-314.8296493757396,True,True,266.1180217266083,ok
lib_low_g1.0_jb_sluggish,lib_low,Liability,Low,1.0,high,sluggish,JB2008_dens_func,0.65,0.63,8,1e-05,1.0,1.0,1.0,806.7787018633577,23163.373667491884,0.0,312.0410113314681,0.0,-329.10888670205753,True,True,280.2635781764984,ok
lib_low_g2.0_exp_responsive,lib_low,Liability,Low,2.0,low,responsive,static_exp_dens_func,0.65,0.65,8,1e-05,1.0,1.0,2.0,91056.02290870706,91056.02290870706,82483.02290870706,613.9073682853339,134.35744082871201,258.08677833277187,False,False,127.11461400985718,ok
lib_low_g2.0_exp_sluggish,lib_low,Liability,Low,2.0,low,sluggish,static_exp_dens_func,0.65,0.63,8,1e-05,1.0,1.0,2.0,97366.58978052271,97366.58978052271,88793.58978052271,616.0096569003599,144.14317825359214,298.9028323766266,False,False,125.59544968605042,ok
lib_low_g2.0_jb_responsive,lib_low,Liability,Low,2.0,high,responsive,JB2008_dens_func,0.65,0.65,8,1e-05,1.0,1.0,2.0,857.6720301983758,38254.64744008578,0.0,624.2166241499256,0.0,-527.8993364933372,True,True,270.79847407341003,ok
lib_low_g2.0_jb_sluggish,lib_low,Liability,Low,2.0,high,sluggish,JB2008_dens_func,0.65,0.63,8,1e-05,1.0,1.0,2.0,868.3814941596972,39793.29996274538,0.0,622.5650746025004,0.0,-547.0918563732822,True,True,253.64782691001892,ok
lib_low_g3.0_exp_responsive,lib_low,Liability,Low,3.0,low,responsive,static_exp_dens_func,0.65,0.65,8,1e-05,1.0,1.0,3.0,146071.3694692381,146071.3694692381,137498.3694692381,924.2042560088129,148.7748715451998,617.8454334030757,False,False,118.97576689720154,ok
lib_low_g3.0_exp_sluggish,lib_low,Liability,Low,3.0,low,sluggish,static_exp_dens_func,0.65,0.63,8,1e-05,1.0,1.0,3.0,158138.9923764788,158138.9923764788,149565.9923764788,923.084273953953,162.02853476836475,715.1215185367436,False,False,119.01468300819397,ok
lib_low_g3.0_jb_responsive,lib_low,Liability,Low,3.0,high,responsive,JB2008_dens_func,0.65,0.65,8,1e-05,1.0,1.0,3.0,864.838682965907,53839.23409695852,0.0,934.1368596016864,0.0,-736.9551671569062,True,True,263.51890993118286,ok
lib_low_g3.0_jb_sluggish,lib_low,Liability,Low,3.0,high,sluggish,JB2008_dens_func,0.65,0.63,8,1e-05,1.0,1.0,3.0,874.2583018581057,56965.88407905844,0.0,933.4284389777547,0.0,-768.4022479479395,True,True,259.7672641277313,ok
lib_med_g1.0_exp_responsive,lib_med,Liability,Medium,1.0,low,responsive,static_exp_dens_func,0.8,0.8,8,1e-05,1.0,1.0,1.0,28045.0710352825,28933.022275514595,19472.0710352825,306.86583828589846,63.454671735538405,-15.023664505834194,True,True,135.65481901168823,ok
lib_med_g1.0_exp_sluggish,lib_med,Liability,Medium,1.0,low,sluggish,static_exp_dens_func,0.8,0.72,8,1e-05,1.0,1.0,1.0,36931.29437152207,37253.45396876047,28358.294371522068,307.461949203045,92.23350871555985,9.420769829665865,False,False,135.75806188583374,ok
lib_med_g1.0_jb_responsive,lib_med,Liability,Medium,1.0,high,responsive,JB2008_dens_func,0.8,0.8,8,1e-05,1.0,1.0,1.0,753.8837568760669,15002.011627142929,0.0,311.13265043650824,0.0,-211.99416970805703,True,True,292.6094629764557,ok
lib_med_g1.0_jb_sluggish,lib_med,Liability,Medium,1.0,high,sluggish,JB2008_dens_func,0.8,0.72,8,1e-05,1.0,1.0,1.0,803.8107847822614,19104.826618675193,0.0,311.3776581789497,0.0,-266.48056375371885,True,True,292.8694109916687,ok
lib_med_g2.0_exp_responsive,lib_med,Liability,Medium,2.0,low,responsive,static_exp_dens_func,0.8,0.8,8,1e-05,1.0,1.0,2.0,50933.700791832794,50979.04024403002,42360.700791832794,615.9974389649877,68.76765731852419,59.62709415474543,False,False,144.2481620311737,ok
lib_med_g2.0_exp_sluggish,lib_med,Liability,Medium,2.0,low,sluggish,static_exp_dens_func,0.8,0.72,8,1e-05,1.0,1.0,2.0,71871.95162584116,71871.95162584116,63298.95162584116,614.5594028909867,102.99891487799661,158.4834928086159,False,False,133.30638599395752,ok
lib_med_g2.0_jb_responsive,lib_med,Liability,Medium,2.0,high,responsive,JB2008_dens_func,0.8,0.8,8,1e-05,1.0,1.0,2.0,823.9272362433046,24908.14520769719,0.0,622.7780438194554,0.0,-339.73810531962397,True,True,275.41401171684265,ok
lib_med_g2.0_jb_sluggish,lib_med,Liability,Medium,2.0,high,sluggish,JB2008_dens_func,0.8,0.72,8,1e-05,1.0,1.0,2.0,814.8940899500444,31145.499129485204,0.0,622.4926553735335,0.0,-442.0177275957506,True,True,271.0040600299835,ok
lib_med_g3.0_exp_responsive,lib_med,Liability,Medium,3.0,low,responsive,static_exp_dens_func,0.8,0.8,8,1e-05,1.0,1.0,3.0,77391.7945122167,77391.7945122167,68818.7945122167,923.9032716753724,74.48701246335368,187.57775936476807,False,False,128.6555552482605,ok
lib_med_g3.0_exp_sluggish,lib_med,Liability,Medium,3.0,low,sluggish,static_exp_dens_func,0.8,0.72,8,1e-05,1.0,1.0,3.0,111964.93863525635,111964.93863525635,103391.93863525635,924.0357744892876,111.89170537515263,384.5263053961913,False,False,123.45277285575867,ok
lib_med_g3.0_jb_responsive,lib_med,Liability,Medium,3.0,high,responsive,JB2008_dens_func,0.8,0.8,8,1e-05,1.0,1.0,3.0,859.3308134380848,33546.34299918245,0.0,935.9804368301519,0.0,-466.4145379683867,True,True,272.8780732154846,ok
lib_med_g3.0_jb_sluggish,lib_med,Liability,Medium,3.0,high,sluggish,JB2008_dens_func,0.8,0.72,8,1e-05,1.0,1.0,3.0,806.2613481706314,44250.6255408875,0.0,934.5376356368937,0.0,-620.1343019925936,True,True,264.064670085907,ok
lib_high_g1.0_exp_responsive,lib_high,Liability,High,1.0,low,responsive,static_exp_dens_func,0.95,0.95,8,1e-05,1.0,1.0,1.0,12726.406905258926,14838.585686688668,4153.406905258926,307.708127165843,13.497878471764892,-41.090886607898355,True,True,143.78243708610535,ok
lib_high_g1.0_exp_sluggish,lib_high,Liability,High,1.0,low,sluggish,static_exp_dens_func,0.95,0.8099999999999999,8,1e-05,1.0,1.0,1.0,26982.63115505107,27930.580929519143,18409.63115505107,306.7943193262203,60.0064277444321,-17.388950519205157,True,True,138.1376211643219,ok
lib_high_g1.0_jb_responsive,lib_high,Liability,High,1.0,high,responsive,JB2008_dens_func,0.95,0.95,8,1e-05,1.0,1.0,1.0,757.627994258866,8878.798365747776,0.0,311.3644652155569,0.0,-125.45320423855986,True,True,278.6980690956116,ok
lib_high_g1.0_jb_sluggish,lib_high,Liability,High,1.0,high,sluggish,JB2008_dens_func,0.95,0.8099999999999999,8,1e-05,1.0,1.0,1.0,727.7159865151112,14797.958715649762,0.0,311.8359872438957,0.0,-209.8552546957815,True,True,270.70100021362305,ok
lib_high_g2.0_exp_responsive,lib_high,Liability,High,2.0,low,responsive,static_exp_dens_func,0.95,0.95,8,1e-05,1.0,1.0,2.0,17630.506192802022,19246.710987289713,9057.506192802022,614.2635015289135,14.745310718051321,-35.06432980550262,True,True,139.6023998260498,ok
lib_high_g2.0_exp_sluggish,lib_high,Liability,High,2.0,low,sluggish,static_exp_dens_func,0.95,0.8099999999999999,8,1e-05,1.0,1.0,2.0,48688.42806292995,48743.77063281491,40115.42806292995,616.1025610273922,65.11160738568395,53.40565707234893,False,False,133.31928777694702,ok
lib_high_g2.0_jb_responsive,lib_high,Liability,High,2.0,high,responsive,JB2008_dens_func,0.95,0.95,8,1e-05,1.0,1.0,2.0,751.7880381424502,10708.33544654146,0.0,622.5984403551292,0.0,-153.83024572668762,True,True,266.59318017959595,ok
lib_high_g2.0_jb_sluggish,lib_high,Liability,High,2.0,high,sluggish,JB2008_dens_func,0.95,0.8099999999999999,8,1e-05,1.0,1.0,2.0,757.9579681737891,23448.1468680732,0.0,621.3787109182553,0.0,-327.1326603789405,True,True,267.1977300643921,ok
lib_high_g3.0_exp_responsive,lib_high,Liability,High,3.0,low,responsive,static_exp_dens_func,0.95,0.95,8,1e-05,1.0,1.0,3.0,22690.75196307721,23913.901438827,14117.751963077211,922.9974773237108,15.295547723502475,-26.400174467733176,True,True,131.54026699066162,ok
lib_high_g3.0_exp_sluggish,lib_high,Liability,High,3.0,low,sluggish,static_exp_dens_func,0.95,0.8099999999999999,8,1e-05,1.0,1.0,3.0,73383.16535527994,73383.16535527994,64810.16535527994,924.0231362716988,70.13911536542221,170.14468470838446,False,False,131.19015502929688,ok
lib_high_g3.0_jb_responsive,lib_high,Liability,High,3.0,high,responsive,JB2008_dens_func,0.95,0.95,8,1e-05,1.0,1.0,3.0,715.5919518356183,12876.867667645469,0.0,934.0077880880359,0.0,-186.02479984514343,True,True,304.35766196250916,ok
lib_high_g3.0_jb_sluggish,lib_high,Liability,High,3.0,high,sluggish,JB2008_dens_func,0.95,0.8099999999999999,8,1e-05,1.0,1.0,3.0,778.0507635801549,32213.761579154772,0.0,934.0067028263159,0.0,-441.9244438528501,True,True,272.6358788013458,ok
stm_low_g1.0_exp_responsive,stm_low,Coordination,Low,1.0,low,responsive,static_exp_dens_func,0.9,0.9,8,0.01,0.0,1.0,1.0,17639.579813436667,19280.84924591795,9066.579813436667,307.23926850018904,29.50983400558086,-35.603841119089836,True,True,126.95424270629883,ok
stm_low_g1.0_exp_sluggish,stm_low,Coordination,Low,1.0,low,sluggish,static_exp_dens_func,0.9,0.78,8,0.01,0.0,1.0,1.0,30175.455475060342,30955.040930487332,21602.455475060342,306.79802232168237,70.41262949345169,-10.465258995459703,True,False,125.52474212646484,ok
stm_low_g1.0_jb_responsive,stm_low,Coordination,Low,1.0,high,responsive,JB2008_dens_func,0.9,0.9,8,0.01,0.0,1.0,1.0,695.525355846482,10753.475498085052,0.0,311.4171640023192,0.0,-156.58654012586862,True,True,270.9767007827759,ok
stm_low_g1.0_jb_sluggish,stm_low,Coordination,Low,1.0,high,sluggish,JB2008_dens_func,0.9,0.78,8,0.01,0.0,1.0,1.0,769.5327912843784,16523.614896847088,0.0,311.10595975468436,0.0,-231.56649241272765,True,True,248.49400067329407,ok
stm_low_g2.0_exp_responsive,stm_low,Coordination,Low,2.0,low,responsive,static_exp_dens_func,0.9,0.9,8,0.01,0.0,1.0,2.0,28017.140752532134,28906.625956106654,19444.140752532134,613.6005193826403,31.6885989146414,-15.025503676132221,True,True,129.4910180568695,ok
stm_low_g2.0_exp_sluggish,stm_low,Coordination,Low,2.0,low,sluggish,static_exp_dens_func,0.9,0.78,8,0.01,0.0,1.0,2.0,56049.945567823175,56083.93824722209,47476.945567823175,614.0237463090621,77.32102520987222,80.18872398264837,False,False,120.37156295776367,ok
stm_low_g2.0_jb_responsive,stm_low,Coordination,Low,2.0,high,responsive,JB2008_dens_func,0.9,0.9,8,0.01,0.0,1.0,2.0,779.0975387804541,15733.035462199228,0.0,623.0993757929446,0.0,-220.14126474283228,True,True,254.55386590957642,ok
stm_low_g2.0_jb_sluggish,stm_low,Coordination,Low,2.0,high,sluggish,JB2008_dens_func,0.9,0.78,8,0.01,0.0,1.0,2.0,839.737781000968,26591.428721128672,0.0,623.154936458224,0.0,-393.5718340567197,True,True,249.35093188285828,ok
stm_low_g3.0_exp_responsive,stm_low,Coordination,Low,3.0,low,responsive,static_exp_dens_func,0.9,0.9,8,0.01,0.0,1.0,3.0,39232.2844906677,39422.849179075114,30659.2844906677,924.4188426321173,33.16600990452647,18.08308007133422,False,False,121.70845103263855,ok
stm_low_g3.0_exp_sluggish,stm_low,Coordination,Low,3.0,low,sluggish,static_exp_dens_func,0.9,0.78,8,0.01,0.0,1.0,3.0,85397.21642676284,85397.21642676284,76824.21642676284,921.1460343363137,83.40069170695038,226.90515583495505,False,False,114.12428212165833,ok
stm_low_g3.0_jb_responsive,stm_low,Coordination,Low,3.0,high,responsive,JB2008_dens_func,0.9,0.9,8,0.01,0.0,1.0,3.0,788.5248761657184,19865.852911566377,0.0,933.7347324396746,0.0,-276.0435911679783,True,True,258.15835404396057,ok
stm_low_g3.0_jb_sluggish,stm_low,Coordination,Low,3.0,high,sluggish,JB2008_dens_func,0.9,0.78,8,0.01,0.0,1.0,3.0,812.6618800069815,36531.06813057872,0.0,932.2378747247606,0.0,-499.6273682378582,True,True,246.5206000804901,ok
stm_med_g1.0_exp_responsive,stm_med,Coordination,Medium,1.0,low,responsive,static_exp_dens_func,0.9,0.9,8,0.0001,0.5,1.0,1.0,17628.352615537267,19271.46918824702,9055.352615537267,307.55866929192223,29.44268368823736,-35.65293989618353,True,True,266.1631679534912,ok
stm_med_g1.0_exp_sluggish,stm_med,Coordination,Medium,1.0,low,sluggish,static_exp_dens_func,0.9,0.78,8,0.0001,0.5,1.0,1.0,30171.901843348638,30942.517842709887,21598.901843348638,307.76262070744394,70.18039355689116,-10.167366331570971,True,False,278.75501704216003,ok
stm_med_g1.0_jb_responsive,stm_med,Coordination,Medium,1.0,high,responsive,JB2008_dens_func,0.9,0.9,8,0.0001,0.5,1.0,1.0,730.2386852022572,10732.930508965106,0.0,311.36211232864986,0.0,-153.2932837935043,True,True,443.731586933136,ok
stm_med_g1.0_jb_sluggish,stm_med,Coordination,Medium,1.0,high,sluggish,JB2008_dens_func,0.9,0.78,8,0.0001,0.5,1.0,1.0,736.5574974965874,16001.447103639697,0.0,311.49693403451386,0.0,-227.7899711972121,True,True,266.9647581577301,ok
stm_med_g2.0_exp_responsive,stm_med,Coordination,Medium,2.0,low,responsive,static_exp_dens_func,0.9,0.9,8,0.0001,0.5,1.0,2.0,28013.549651666945,28884.553926984598,19440.549651666945,615.9373852034323,31.562542100356684,-14.54347538425405,True,True,132.3775999546051,ok
stm_med_g2.0_exp_sluggish,stm_med,Coordination,Medium,2.0,low,sluggish,static_exp_dens_func,0.9,0.78,8,0.0001,0.5,1.0,2.0,55853.09779477696,55882.467599474054,47280.09779477696,616.1454191987929,76.7352906011341,78.85886143581793,False,False,133.3392448425293,ok
stm_med_g2.0_jb_responsive,stm_med,Coordination,Medium,2.0,high,responsive,JB2008_dens_func,0.9,0.9,8,0.0001,0.5,1.0,2.0,807.1692724427015,15114.827443245627,0.0,622.9644936518887,0.0,-215.81882812125082,True,True,275.97804403305054,ok
stm_med_g2.0_jb_sluggish,stm_med,Coordination,Medium,2.0,high,sluggish,JB2008_dens_func,0.9,0.78,8,0.0001,0.5,1.0,2.0,772.2340343291338,26224.20439241624,0.0,623.5398063327559,0.0,-363.4209057264334,True,True,284.14869499206543,ok
stm_med_g3.0_exp_responsive,stm_med,Coordination,Medium,3.0,low,responsive,static_exp_dens_func,0.9,0.9,8,0.0001,0.5,1.0,3.0,39093.769495020526,39265.519990913,30520.769495020526,924.3463288918363,33.01875989664038,17.37106212461662,False,False,139.66829681396484,ok
stm_med_g3.0_exp_sluggish,stm_med,Coordination,Medium,3.0,low,sluggish,static_exp_dens_func,0.9,0.78,8,0.0001,0.5,1.0,3.0,85726.66856339577,85726.66856339577,77153.66856339577,924.1567050797122,83.48548264521973,231.8213772846351,False,False,130.78088808059692,ok
stm_med_g3.0_jb_responsive,stm_med,Coordination,Medium,3.0,high,responsive,JB2008_dens_func,0.9,0.9,8,0.0001,0.5,1.0,3.0,839.4763825615591,19737.130587491905,0.0,933.5406462596446,0.0,-289.1922247302436,True,True,288.46139788627625,ok
stm_med_g3.0_jb_sluggish,stm_med,Coordination,Medium,3.0,high,sluggish,JB2008_dens_func,0.9,0.78,8,0.0001,0.5,1.0,3.0,899.4197718905407,36073.618612322156,0.0,933.1986274330851,0.0,-492.9055502106791,True,True,280.9070348739624,ok
stm_high_g1.0_exp_responsive,stm_high,Coordination,High,1.0,low,responsive,static_exp_dens_func,0.9,0.9,8,1e-06,1.0,1.0,1.0,17620.575130093683,19266.536371907467,9047.575130093683,307.2014057327685,29.451607190769433,-35.68817731953962,True,True,152.3298110961914,ok
stm_high_g1.0_exp_sluggish,stm_high,Coordination,High,1.0,low,sluggish,static_exp_dens_func,0.9,0.78,8,1e-06,1.0,1.0,1.0,30198.652740494508,30967.654475646115,21625.652740494508,308.1215768530013,70.18545394116194,-10.16204257148462,True,False,143.6077971458435,ok
stm_high_g1.0_jb_responsive,stm_high,Coordination,High,1.0,high,responsive,JB2008_dens_func,0.9,0.9,8,1e-06,1.0,1.0,1.0,763.7106820302085,10733.500458577972,0.0,310.95560695059544,0.0,-156.93715598585592,True,True,280.91496896743774,ok
stm_high_g1.0_jb_sluggish,stm_high,Coordination,High,1.0,high,sluggish,JB2008_dens_func,0.9,0.78,8,1e-06,1.0,1.0,1.0,809.8902308233135,16100.536301802393,0.0,311.30480885078856,0.0,-229.13082677706487,True,True,292.5421178340912,ok
stm_high_g2.0_exp_responsive,stm_high,Coordination,High,2.0,low,responsive,static_exp_dens_func,0.9,0.9,8,1e-06,1.0,1.0,2.0,27985.02736874064,28872.01722054655,19412.02736874064,613.7245183565851,31.62987103842884,-15.009130233355652,True,True,134.89170503616333,ok
stm_high_g2.0_exp_sluggish,stm_high,Coordination,High,2.0,low,sluggish,static_exp_dens_func,0.9,0.78,8,1e-06,1.0,1.0,2.0,55963.67054436666,55987.35068165294,47390.67054436666,616.1712206289782,76.91152874032478,80.99980810096817,False,False,133.5558261871338,ok
stm_high_g2.0_jb_responsive,stm_high,Coordination,High,2.0,high,responsive,JB2008_dens_func,0.9,0.9,8,1e-06,1.0,1.0,2.0,791.9578001703529,15149.35027186831,0.0,622.3519898158468,0.0,-222.10693682714265,True,True,264.2257149219513,ok
stm_high_g2.0_jb_sluggish,stm_high,Coordination,High,2.0,high,sluggish,JB2008_dens_func,0.9,0.78,8,1e-06,1.0,1.0,2.0,808.8240745057748,26302.851078086325,0.0,623.2667033927519,0.0,-366.57398294302175,True,True,276.85212898254395,ok
stm_high_g3.0_exp_responsive,stm_high,Coordination,High,3.0,low,responsive,static_exp_dens_func,0.9,0.9,8,1e-06,1.0,1.0,3.0,39196.03407637606,39349.58765916696,30623.03407637606,923.8839254307277,33.14597562902631,18.964367580101186,False,False,136.79781103134155,ok
stm_high_g3.0_exp_sluggish,stm_high,Coordination,High,3.0,low,sluggish,static_exp_dens_func,0.9,0.78,8,1e-06,1.0,1.0,3.0,85393.87468999103,85393.87468999103,76820.87468999103,922.3255098039224,83.29041523130203,228.2527132639168,False,False,129.81223702430725,ok
stm_high_g3.0_jb_responsive,stm_high,Coordination,High,3.0,high,responsive,JB2008_dens_func,0.9,0.9,8,1e-06,1.0,1.0,3.0,797.8015590507582,19829.794247468977,0.0,932.5183144896657,0.0,-283.75610818962554,True,True,262.4689679145813,ok
stm_high_g3.0_jb_sluggish,stm_high,Coordination,High,3.0,high,sluggish,JB2008_dens_func,0.9,0.78,8,1e-06,1.0,1.0,3.0,824.7710505437825,36155.355618159636,0.0,934.9530991853469,0.0,-489.51739741889537,True,True,272.6312940120697,ok
mix_rules_stm_g1.0_exp_responsive,mix_rules_stm,Mix,Rules+Coord,1.0,low,responsive,static_exp_dens_func,0.85,0.85,8,0.0001,0.5,1.0,1.0,22730.849911226047,23978.90221249518,14157.849911226047,307.6651440705298,46.01707468032347,-26.968960204177797,True,True,136.84450674057007,ok
mix_rules_stm_g1.0_exp_sluggish,mix_rules_stm,Mix,Rules+Coord,1.0,low,sluggish,static_exp_dens_func,0.85,0.75,8,0.0001,0.5,1.0,1.0,33498.07413079994,34048.03139257665,24925.07413079994,307.87082843826596,80.95951882559702,-1.137529721396136,True,False,130.73807787895203,ok
mix_rules_stm_g1.0_jb_responsive,mix_rules_stm,Mix,Rules+Coord,1.0,high,responsive,JB2008_dens_func,0.85,0.85,8,0.0001,0.5,1.0,1.0,739.7126495116828,13056.028821431973,0.0,311.4582878250363,0.0,-187.11497774221112,True,True,269.8913390636444,ok
mix_rules_stm_g1.0_jb_sluggish,mix_rules_stm,Mix,Rules+Coord,1.0,high,sluggish,JB2008_dens_func,0.85,0.75,8,0.0001,0.5,1.0,1.0,745.323338679786,17843.057040993408,0.0,311.3874601368497,0.0,-244.9871637535253,True,True,288.6231050491333,ok
mix_rules_stm_g2.0_exp_responsive,mix_rules_stm,Mix,Rules+Coord,2.0,low,responsive,static_exp_dens_func,0.85,0.85,8,0.0001,0.5,1.0,2.0,39152.13356240782,39339.72993719625,30579.13356240782,615.5104550588709,49.68093281125998,17.166016101273737,False,False,131.98995184898376,ok
mix_rules_stm_g2.0_exp_sluggish,mix_rules_stm,Mix,Rules+Coord,2.0,low,sluggish,static_exp_dens_func,0.85,0.75,8,0.0001,0.5,1.0,2.0,63922.74533268109,63922.74533268109,55349.74533268109,613.8685408627414,90.16546971912196,120.15566417836423,False,False,130.87825083732605,ok
mix_rules_stm_g2.0_jb_responsive,mix_rules_stm,Mix,Rules+Coord,2.0,high,responsive,JB2008_dens_func,0.85,0.85,8,0.0001,0.5,1.0,2.0,770.2077637792935,20267.01586377313,0.0,621.9512310283723,0.0,-280.2505044328547,True,True,267.71505999565125,ok
mix_rules_stm_g2.0_jb_sluggish,mix_rules_stm,Mix,Rules+Coord,2.0,high,sluggish,JB2008_dens_func,0.85,0.75,8,0.0001,0.5,1.0,2.0,822.7401870446363,29425.00958711793,0.0,622.1773544821192,0.0,-400.53289868397945,True,True,262.2400691509247,ok
mix_rules_stm_g3.0_exp_responsive,mix_rules_stm,Mix,Rules+Coord,3.0,low,responsive,static_exp_dens_func,0.85,0.85,8,0.0001,0.5,1.0,3.0,57293.348979710856,57305.239296406515,48720.348979710856,921.6756749943888,52.860621476212295,88.55198489663098,False,False,136.29809308052063,ok
mix_rules_stm_g3.0_exp_sluggish,mix_rules_stm,Mix,Rules+Coord,3.0,low,sluggish,static_exp_dens_func,0.85,0.75,8,0.0001,0.5,1.0,3.0,98161.41594168743,98161.41594168743,89588.41594168743,920.7543550424815,97.29893261004888,299.6662380174028,False,False,123.72111487388611,ok
mix_rules_stm_g3.0_jb_responsive,mix_rules_stm,Mix,Rules+Coord,3.0,high,responsive,JB2008_dens_func,0.85,0.85,8,0.0001,0.5,1.0,3.0,772.1783393162505,26497.02847693096,0.0,932.5389474789256,0.0,-362.95881020984024,True,True,264.723552942276,ok
mix_rules_stm_g3.0_jb_sluggish,mix_rules_stm,Mix,Rules+Coord,3.0,high,sluggish,JB2008_dens_func,0.85,0.75,8,0.0001,0.5,1.0,3.0,875.7869896691917,40437.331088210674,0.0,934.9059264473252,0.0,-558.2733957115895,True,True,258.27208828926086,ok
mix_fees_enf_g1.0_exp_responsive,mix_fees_enf,Mix,Fees+Enforce,1.0,low,responsive,static_exp_dens_func,0.9,0.9,8,1e-05,1.0,0.75,0.75,15156.408234958635,17038.629308278607,6583.408234958635,230.40825906330568,28.572796225806364,-38.92717136509223,True,True,137.13062405586243,ok
mix_fees_enf_g1.0_exp_sluggish,mix_fees_enf,Mix,Fees+Enforce,1.0,low,sluggish,static_exp_dens_func,0.9,0.78,8,1e-05,1.0,0.75,0.75,24311.228758338828,25470.26631043914,15738.228758338828,231.05655287092915,68.11418487287129,-24.204308700603264,True,True,142.34510731697083,ok
mix_fees_enf_g1.0_jb_responsive,mix_fees_enf,Mix,Fees+Enforce,1.0,high,responsive,JB2008_dens_func,0.9,0.9,8,1e-05,1.0,0.75,0.75,830.112438717695,9566.818582244545,0.0,233.45483639659602,0.0,-146.96340071305644,True,True,276.2228410243988,ok
mix_fees_enf_g1.0_jb_sluggish,mix_fees_enf,Mix,Fees+Enforce,1.0,high,sluggish,JB2008_dens_func,0.9,0.78,8,1e-05,1.0,0.75,0.75,775.5386250281366,13723.314653053334,0.0,233.54290033428163,0.0,-194.75975463602708,True,True,275.656188249588,ok
mix_fees_enf_g2.0_exp_responsive,mix_fees_enf,Mix,Fees+Enforce,2.0,low,responsive,static_exp_dens_func,0.9,0.9,8,1e-05,1.0,0.75,1.5,22721.20606004428,23954.51755846742,14148.206060044278,460.86238917746175,30.699415687393632,-26.595225472180154,True,True,133.9844298362732,ok
mix_fees_enf_g2.0_exp_sluggish,mix_fees_enf,Mix,Fees+Enforce,2.0,low,sluggish,static_exp_dens_func,0.9,0.78,8,1e-05,1.0,0.75,1.5,42509.77255623565,42647.140665056475,33936.77255623565,462.0062529424484,73.45522347391933,27.039477601220426,False,False,129.80815482139587,ok
mix_fees_enf_g2.0_jb_responsive,mix_fees_enf,Mix,Fees+Enforce,2.0,high,responsive,JB2008_dens_func,0.9,0.9,8,1e-05,1.0,0.75,1.5,743.9838612192478,13234.231305484467,0.0,466.78254202066074,0.0,-184.99221776040113,True,True,274.14475274086,ok
mix_fees_enf_g2.0_jb_sluggish,mix_fees_enf,Mix,Fees+Enforce,2.0,high,sluggish,JB2008_dens_func,0.9,0.78,8,1e-05,1.0,0.75,1.5,808.4231882342904,21145.415445805844,0.0,466.5589018445989,0.0,-316.70407115628666,True,True,275.30221915245056,ok
mix_fees_enf_g3.0_exp_responsive,mix_fees_enf,Mix,Fees+Enforce,3.0,low,responsive,static_exp_dens_func,0.9,0.9,8,1e-05,1.0,0.75,2.25,30639.105451454838,31370.244826102447,22066.105451454838,695.0238789969031,31.7487011860684,-8.716685509234326,True,False,131.1048948764801,ok
mix_fees_enf_g3.0_exp_sluggish,mix_fees_enf,Mix,Fees+Enforce,3.0,low,sluggish,static_exp_dens_func,0.9,0.78,8,1e-05,1.0,0.75,2.25,62880.131188450374,62882.99496254783,54307.131188450374,695.17869516186,78.11967133976384,111.66192766675425,False,False,135.97114968299866,ok
mix_fees_enf_g3.0_jb_responsive,mix_fees_enf,Mix,Fees+Enforce,3.0,high,responsive,JB2008_dens_func,0.9,0.9,8,1e-05,1.0,0.75,2.25,784.3561824374268,16354.713552729052,0.0,698.2043578098774,0.0,-234.23162980454103,True,True,266.06629705429077,ok
mix_fees_enf_g3.0_jb_sluggish,mix_fees_enf,Mix,Fees+Enforce,3.0,high,sluggish,JB2008_dens_func,0.9,0.78,8,1e-05,1.0,0.75,2.25,819.8144567692596,29012.918104557582,0.0,701.6333704030925,0.0,-393.06215080659456,True,True,263.1600430011749,ok
mix_all_g1.0_exp_responsive,mix_all,Mix,All Four,1.0,low,responsive,static_exp_dens_func,0.9,0.9,8,0.0001,0.5,0.75,0.75,15166.742271065279,17044.193732413758,6593.742271065279,230.38667051485402,28.62032884250633,-38.831003073182075,True,True,129.8715739250183,ok
mix_all_g1.0_exp_sluggish,mix_all,Mix,All Four,1.0,low,sluggish,static_exp_dens_func,0.9,0.78,8,0.0001,0.5,0.75,0.75,24344.002728745167,25484.102428633414,15771.002728745167,230.4856708933553,68.42508980110239,-23.711848175501856,True,True,137.06868624687195,ok
mix_all_g1.0_jb_responsive,mix_all,Mix,All Four,1.0,high,responsive,JB2008_dens_func,0.9,0.9,8,0.0001,0.5,0.75,0.75,758.7237886983409,9737.549512538233,0.0,233.77469922118328,0.0,-142.00303204523027,True,True,277.8938558101654,ok
mix_all_g1.0_jb_sluggish,mix_all,Mix,All Four,1.0,high,sluggish,JB2008_dens_func,0.9,0.78,8,0.0001,0.5,0.75,0.75,783.508271761964,13813.702089723636,0.0,233.30204960316382,0.0,-192.08756681095488,True,True,273.91279888153076,ok
mix_all_g2.0_exp_responsive,mix_all,Mix,All Four,2.0,low,responsive,static_exp_dens_func,0.9,0.9,8,0.0001,0.5,0.75,1.5,22730.120861041964,23957.338168201866,14157.120861041964,461.4802250685394,30.677632739169564,-26.501357217691965,True,True,136.3136351108551,ok
mix_all_g2.0_exp_sluggish,mix_all,Mix,All Four,2.0,low,sluggish,static_exp_dens_func,0.9,0.78,8,0.0001,0.5,0.75,1.5,42568.347329721306,42681.38157120485,33995.347329721306,460.4313346913767,73.83369629373314,28.314473803216767,False,False,136.9379620552063,ok
mix_all_g2.0_jb_responsive,mix_all,Mix,All Four,2.0,high,responsive,JB2008_dens_func,0.9,0.9,8,0.0001,0.5,0.75,1.5,777.4607619549497,12967.269510025262,0.0,467.3751549046137,0.0,-186.6802942847607,True,True,266.8483211994171,ok
mix_all_g2.0_jb_sluggish,mix_all,Mix,All Four,2.0,high,sluggish,JB2008_dens_func,0.9,0.78,8,0.0001,0.5,0.75,1.5,775.3899242860174,21394.977623079263,0.0,467.82440618823466,0.0,-297.77824399567623,True,True,262.76709818840027,ok
mix_all_g3.0_exp_responsive,mix_all,Mix,All Four,3.0,low,responsive,static_exp_dens_func,0.9,0.9,8,0.0001,0.5,0.75,2.25,30725.152694543423,31412.702941784766,22152.152694543423,691.7290687249513,32.024319485916635,-7.376499419895078,True,False,136.6525001525879,ok
mix_all_g3.0_exp_sluggish,mix_all,Mix,All Four,3.0,low,sluggish,static_exp_dens_func,0.9,0.78,8,0.0001,0.5,0.75,2.25,63049.07090830035,63051.96203147916,54476.07090830035,691.0132931543855,78.83505490845799,113.33709087690072,False,False,129.11059188842773,ok
mix_all_g3.0_jb_responsive,mix_all,Mix,All Four,3.0,high,responsive,JB2008_dens_func,0.9,0.9,8,0.0001,0.5,0.75,2.25,815.667691801854,16305.842123201066,0.0,700.3376416071732,0.0,-249.78830853311405,True,True,267.0478620529175,ok
mix_all_g3.0_jb_sluggish,mix_all,Mix,All Four,3.0,high,sluggish,JB2008_dens_func,0.9,0.78,8,0.0001,0.5,0.75,2.25,810.8537059257792,28930.25000663145,0.0,701.3847468914182,0.0,-392.8559294586952,True,True,265.2284309864044,ok
failure_g1.0_exp_responsive,failure,Failure,Failure,1.0,low,responsive,static_exp_dens_func,0.6,0.6,8,1e-05,1.0,2.0,2.0,106638.11194897664,106638.11194897664,98065.11194897664,613.7011886049322,159.79293142954248,356.38457044047965,False,False,127.3268551826477,ok
failure_g1.0_exp_sluggish,failure,Failure,Failure,1.0,low,sluggish,static_exp_dens_func,0.6,0.6,8,1e-05,1.0,2.0,2.0,106403.08100719951,106403.08100719951,97830.08100719951,614.0283612865712,159.3250201052872,353.8781681765896,False,False,123.95634412765503,ok
failure_g1.0_jb_responsive,failure,Failure,Failure,1.0,high,responsive,JB2008_dens_func,0.6,0.6,8,1e-05,1.0,2.0,2.0,773.2039788127447,42457.95313848435,0.0,623.1205138774769,0.0,-596.1940651833253,True,True,267.065171957016,ok
failure_g1.0_jb_sluggish,failure,Failure,Failure,1.0,high,sluggish,JB2008_dens_func,0.6,0.6,8,1e-05,1.0,2.0,2.0,854.5418070505942,42541.86588733368,0.0,622.1076277433767,0.0,-592.2725616746969,True,True,262.6316010951996,ok
failure_g2.0_exp_responsive,failure,Failure,Failure,2.0,low,responsive,static_exp_dens_func,0.6,0.6,8,1e-05,1.0,2.0,4.0,251956.24677992906,251956.24677992906,243383.24677992906,1230.2665206686818,197.82969193345517,1472.6034648915804,False,False,121.83153223991394,ok
failure_g2.0_exp_sluggish,failure,Failure,Failure,2.0,low,sluggish,static_exp_dens_func,0.6,0.6,8,1e-05,1.0,2.0,4.0,251925.96391127195,251925.96391127195,243352.96391127195,1227.3951006547118,198.26783061254167,1471.7908693126326,False,False,116.52718472480774,ok
failure_g2.0_jb_responsive,failure,Failure,Failure,2.0,high,responsive,JB2008_dens_func,0.6,0.6,8,1e-05,1.0,2.0,4.0,968.5784554308398,78408.97164219242,0.0,1247.326951168521,0.0,-1081.188645383753,True,True,255.6078519821167,ok
failure_g2.0_jb_sluggish,failure,Failure,Failure,2.0,high,sluggish,JB2008_dens_func,0.6,0.6,8,1e-05,1.0,2.0,4.0,880.0051960703913,77135.62374960826,0.0,1249.3049279517963,0.0,-1042.1327197945,True,True,256.8987383842468,ok
failure_g3.0_exp_responsive,failure,Failure,Failure,3.0,low,responsive,static_exp_dens_func,0.6,0.6,8,1e-05,1.0,2.0,6.0,445904.74931755767,445904.74931755767,437331.74931755767,1844.9332157414617,237.0447589029926,3351.186567201038,False,False,102.63868808746338,ok
failure_g3.0_exp_sluggish,failure,Failure,Failure,3.0,low,sluggish,static_exp_dens_func,0.6,0.6,8,1e-05,1.0,2.0,6.0,435029.179644602,435029.179644602,426456.179644602,1844.0945345506802,231.2550531735671,3152.697463992689,False,False,102.74405598640442,ok
failure_g3.0_jb_responsive,failure,Failure,Failure,3.0,high,responsive,JB2008_dens_func,0.6,0.6,8,1e-05,1.0,2.0,6.0,1055.7660500069687,114037.77027340376,0.0,1861.9627345765277,0.0,-1586.1296616203504,True,True,251.80496191978455,ok
failure_g3.0_jb_sluggish,failure,Failure,Failure,3.0,high,sluggish,JB2008_dens_func,0.6,0.6,8,1e-05,1.0,2.0,6.0,1029.3747540829352,116875.34336183463,0.0,1875.6517658896514,0.0,-1595.4014607393483,True,True,244.89372491836548,ok
